{
  "meta": {},
  "data": {
    "dataSets": [
      {
        "structure": 0,
        "action": "Replace",
        "series": {
          "0:0:0": {
            "attributes": [
              0,
              0,
              0,
              "9/26/2025"
            ],
            "observations": {
              "0": [
                "4.601255"
              ],
              "1": [
                "5.910037"
              ],
              "2": [
                "5.352897"
              ],
              "3": [
                "5.58117"
              ],
              "4": [
                "5.75994"
              ],
              "5": [
                "4.642918"
              ],
              "6": [
                "5.533828"
              ],
              "7": [
                "9.51895"
              ],
              "8": [
                "13.288107"
              ],
              "9": [
                "12.193587"
              ],
              "10": [
                "11.622857"
              ],
              "11": [
                "8.402631"
              ],
              "12": [
                "9.229903"
              ],
              "13": [
                "8.675865"
              ],
              "14": [
                "7.997025"
              ],
              "15": [
                "8.120315"
              ],
              "16": [
                "5.651944"
              ],
              "17": [
                "-2.753575"
              ],
              "18": [
                "-7.634035"
              ],
              "19": [
                "4.572308"
              ],
              "20": [
                "4.455247"
              ],
              "21": [
                "3.444249"
              ],
              "22": [
                "6.149018"
              ],
              "23": [
                "7.189262"
              ],
              "24": [
                "6.289342"
              ],
              "25": [
                "4.187638"
              ],
              "26": [
                "4.967811"
              ],
              "27": [
                "5.435152"
              ],
              "28": [
                "1.725699"
              ],
              "29": [
                "-0.690618"
              ],
              "30": [
                "7.513391"
              ],
              "31": [
                "0.840132"
              ],
              "32": [
                "7.242796"
              ],
              "33": [
                "2.687496"
              ],
              "34": [
                "0.984469"
              ],
              "35": [
                "3.134047"
              ],
              "36": [
                "3.435158"
              ],
              "37": [
                "4.177681"
              ],
              "38": [
                "4.22287"
              ],
              "39": [
                "2.114558"
              ],
              "40": [
                "-6.093063"
              ],
              "41": [
                "1.552682"
              ],
              "42": [
                "2.684753"
              ],
              "43": [
                "2.240138"
              ],
              "44": [
                "2.944729"
              ],
              "45": [
                "2.412593"
              ],
              "46": [
                "1.5"
              ],
              "47": [
                "2.100545"
              ],
              "48": [
                "2.291945"
              ],
              "49": [
                "2.456348"
              ],
              "50": [
                "2.496931"
              ],
              "51": [
                "2.500012"
              ]
            }
          }
        },
        "dimensionGroupAttributes": {
          ":0::": [
            null,
            null,
            0,
            null,
            null,
            null,
            null,
            null,
            null,
            null,
            null,
            0,
            null,
            null,
            null,
            0,
            null
          ]
        }
      }
    ],
    "structures": [
      {
        "dataSets": [
          0
        ],
        "links": [
          {
            "urn": "urn:sdmx:org.sdmx.infomodel.datastructure.Dataflow=IMF.RES:WEO(9.0.0)",
            "title": "Dataflow"
          },
          {
            "urn": "urn:sdmx:org.sdmx.infomodel.datastructure.DataStructure=IMF.RES:DSD_WEO(9.0.0)",
            "title": "DataStructureDefinition"
          }
        ],
        "dimensions": {
          "series": [
            {
              "id": "COUNTRY",
              "keyPosition": 0,
              "roles": [],
              "values": [
                {
                  "id": "THA"
                }
              ]
            },
            {
              "id": "INDICATOR",
              "keyPosition": 1,
              "roles": [],
              "values": [
                {
                  "id": "NGDP_RPCH"
                }
              ]
            },
            {
              "id": "FREQUENCY",
              "keyPosition": 2,
              "roles": [
                "FREQ"
              ],
              "values": [
                {
                  "id": "A"
                }
              ]
            }
          ],
          "observation": [
            {
              "id": "TIME_PERIOD",
              "keyPosition": 3,